id,predicted
t3_n277r2,3.5
t3_n28j15,4.25
t3_n294h6,3.6
t3_n29bek,4.5
t3_n2bjwy,4.666666666666667
t3_n2c6zi,4.2
t3_n2c9c8,4.166666666666667
t3_n2eqpj,4.6
t3_n2eys8,4.25
t3_n2fxx1,4.4
t3_n2gxjn,3.4
t3_n2hz40,4.5
t3_n2jf50,4.5
t3_n2krya,4.5
t3_n2l0a3,3.8
t3_n2l5qi,4.0
t3_n2m2km,4.5
t3_n2ngqw,3.4
t3_n2ooiu,5.0
t3_n2pjvx,3.3333333333333335
t3_n2pnqy,4.666666666666667
t3_n2q3x5,4.333333333333333
t3_n2slwf,4.0
t3_n2tm9u,4.2
t3_n2to6d,4.2
t3_n2uaw6,4.0
t3_n2upje,3.75
t3_n2xrc5,4.4
t3_n2xuk5,4.0
t3_n2yhgh,3.5
t3_n2zieo,3.8333333333333335
t3_n30rfe,3.4
t3_n30w7u,3.1666666666666665
t3_n31m3v,4.0
t3_n32uyo,4.8
t3_n33b65,4.0
t3_n34b7f,3.0
t3_n34zym,4.5
t3_n36ryd,5.0
t3_n37c64,4.0
t3_n39y34,5.0
t3_n3aibv,4.0
t3_n3bzn5,4.8
t3_n3dt6i,4.25
t3_n3fjee,5.0
t3_n3hkqj,4.166666666666667
t3_n3hlon,4.4
t3_n3hou0,3.5
t3_n3iv62,4.4
t3_n3izf1,3.8
t3_n3lrzw,4.25
t3_n3lvc6,4.4
t3_n3oqs4,3.8
t3_n3px6x,4.4
t3_n3qmwc,3.3333333333333335
t3_n3t7ne,4.6
t3_n3ta6a,4.0
t3_n3tabv,4.25
t3_n3ts52,5.0
t3_n3u0df,4.0
t3_n3u6q6,4.5
t3_n3ubot,4.5
t3_n3uqtr,4.5
t3_n3uvc2,3.4
t3_n3v98k,4.2
t3_n3vifz,3.4
t3_n3wgni,3.4
t3_n3y6is,4.0
t3_n3ze0m,4.75
t3_n409it,3.3333333333333335
t3_n40jnm,4.0
t3_n423cq,5.0
t3_n42s6g,3.6666666666666665
t3_n437ei,4.5
t3_n4474a,4.0
t3_n45tdk,4.6
t3_n46mno,3.2
t3_n47a81,4.5
t3_n47ukb,4.2
t3_n4afcb,3.0
t3_n4bqtr,4.0
t3_n4bwce,4.0
t3_n4cgp2,3.3333333333333335
t3_n4ckmm,3.4
t3_n4ezdg,4.166666666666667
t3_n4gatd,4.2
t3_n4hwfj,4.0
t3_n4i27b,4.8
t3_n4mzqn,4.0
t3_n4nx7l,3.5
t3_n4okn7,3.8
t3_n4tjym,3.6666666666666665
t3_n4uhxh,3.25
t3_n4vguw,3.6
t3_n4vj43,5.0
t3_n4wk7t,4.0
t3_n4x17g,4.5
t3_n4xr3p,4.2
t3_n4zdog,3.6
t3_n50fw2,4.2
t3_n517oo,3.6666666666666665
t3_n5236m,3.4
t3_n53wgo,4.0
t3_n56iuy,4.6
t3_n56ycp,4.5
t3_n5bvh6,4.0
t3_n5d7w5,4.0
t3_n5dq5y,4.25
t3_n5f2vc,4.5
t3_n5h885,3.6666666666666665
t3_n5hq4o,4.5
t3_n5jaqf,4.666666666666667
t3_n5jt0j,3.5
t3_n5jtq0,5.0
t3_n5k4be,3.2
t3_n5kj5k,3.5
t3_n5lsvt,4.0
t3_n5n5bl,4.666666666666667
t3_n5nk9m,3.6666666666666665
t3_n5onpi,5.0
t3_n5oplg,4.333333333333333
t3_n5opqp,3.6666666666666665
t3_n5uzqt,3.25
t3_n5v7qu,4.0
t3_n5vfcn,5.0
t3_n5vpg4,3.25
t3_n5x71g,3.0
t3_n5xvke,4.0
t3_n5zlrp,4.0
t3_n606d2,4.166666666666667
t3_n61dg1,4.166666666666667
t3_n63tv5,3.75
t3_n648vd,4.4
t3_n64rbi,4.2
t3_n65edy,4.166666666666667
t3_n65sbv,3.8
t3_n66143,4.0
t3_n66hp7,4.5
t3_n676k7,4.25
t3_n68022,4.0
t3_n68b14,4.2
t3_n68itk,4.2
t3_n6apnw,5.0
t3_n6ara3,4.166666666666667
t3_n6bk51,3.8
t3_n6bl4d,3.8333333333333335
t3_n6d5t3,3.75
t3_n6g6g2,3.5
t3_n6jlsm,3.8
t3_n6kdpv,4.8
t3_n6m13k,5.0
t3_n6nxhr,4.0
t3_n6o1a1,3.3333333333333335
t3_n6t317,4.0
t3_n6tejj,4.833333333333333
t3_n6wx2v,3.4
t3_n6xi7s,4.6
t3_n6xptv,3.8
t3_n6zpyb,4.6
t3_n72hyw,4.25
t3_n7323y,4.0
t3_n73zco,4.0
t3_n74o71,4.4
t3_n775mo,3.8
t3_n79kcj,3.8333333333333335
t3_n79lyz,4.6
t3_n7a19o,3.8333333333333335
t3_n7ajgf,4.0
t3_n7bhb9,3.8333333333333335
t3_n7bxuk,3.75
t3_n7cquv,3.6
t3_n7eea4,4.8
t3_n7fb7m,4.0
t3_n7g1wp,4.4
t3_n7ivi1,4.4
t3_n7j22h,3.6666666666666665
t3_n7jhix,3.8
t3_n7k53d,3.0
t3_n7mhjq,3.8
t3_n7qket,3.8
t3_n7r8bt,4.0
t3_n7vkqx,5.0
t3_n7vulc,3.0
t3_n7web5,3.6666666666666665
t3_n7wflb,4.0
t3_n7xd0v,3.8333333333333335
t3_n7xpag,4.666666666666667
t3_n7ytrc,3.6666666666666665
t3_n7z2y5,4.0
t3_n7zcee,4.666666666666667
t3_n81fss,4.5
t3_n82yae,4.0
t3_n847lb,4.333333333333333
t3_n862i4,4.6
t3_n862v1,4.5
t3_n86ppa,4.0
t3_n87r73,3.8333333333333335
t3_n89wq7,4.4
t3_n8bws9,4.8
t3_n8ckhj,4.4
t3_n8cqe7,3.25
t3_n8d2ht,4.5
t3_n8dqxr,3.8
t3_n8ds0j,4.0
t3_n8dvyv,4.75
t3_n8e6g2,4.5
t3_n8eqsw,5.0
t3_n8ge6e,4.5
t3_n8ia9y,4.2
t3_n8idgo,4.6
t3_n8jcbq,3.75
t3_n8jf5b,3.6
t3_n8jqt0,3.4
t3_n8jw4r,3.75
t3_n8k4px,4.5
t3_n8lfo3,4.2
t3_n8m1gf,3.8
t3_n8mzq3,4.6
t3_n8ner0,4.25
t3_n8on83,3.6
t3_n8p2v6,3.8
t3_n8pcgk,4.4
t3_n8piee,4.0
t3_n8q2hv,4.4
t3_n8ru2z,3.6666666666666665
t3_n8tcoa,4.8
t3_n8ti37,3.5
t3_n8tspe,4.6
t3_n8u49m,4.75
t3_n8w2rf,3.25
t3_n8w34n,3.4
t3_n8xexv,4.75
t3_n8xpl2,4.25
t3_n8xy8b,4.75
t3_n8ynbm,5.0
t3_n8zvky,3.8
t3_n907ie,3.8
t3_n90qcd,5.0
t3_n91anw,4.0
t3_n94n7d,4.5
t3_n94pj7,4.0
t3_n96y3w,3.8
t3_n98rfr,5.0
t3_n98ult,4.5
t3_n99cka,4.2
t3_n99yap,4.5
t3_n9a35d,3.8333333333333335
t3_n9cfz8,4.6
t3_n9dma6,3.6
t3_n9dpjh,3.8
t3_n9ec2y,3.0
t3_n9fcu4,4.166666666666667
t3_n9fs8m,3.8
t3_n9gau6,3.6666666666666665
t3_n9gq6s,4.6
t3_n9ipv5,3.8
t3_n9jgp5,3.6666666666666665
t3_n9jro1,3.6666666666666665
t3_n9kqxa,4.75
t3_n9kt9b,4.75
t3_n9m4ye,3.75
t3_n9mw88,4.8
t3_n9nleu,4.0
t3_n9oqlx,4.0
t3_n9re8q,3.0
t3_n9rgb7,4.0
t3_n9sf9f,4.0
t3_n9ubrk,3.8
t3_n9v2a5,4.6
t3_n9vi3h,3.6666666666666665
t3_n9vmmx,3.8
t3_n9w1se,3.75
t3_n9w5ix,3.8
t3_n9wkjh,4.5
t3_n9wqjz,4.333333333333333
t3_n9wu0x,3.8
t3_n9wy6m,4.0
t3_n9x87t,3.0
t3_n9y10g,3.6
t3_n9yt59,4.0
t3_n9za2f,4.75
t3_n9zpwh,5.0
t3_na11z1,4.666666666666667
t3_na25oc,5.0
t3_na3fgm,4.0
t3_na4h8f,4.2
t3_na4ysf,4.5
t3_na5eu8,3.0
t3_na68w3,4.0
t3_na6o04,3.75
t3_na6tru,3.4
t3_na79dz,4.0
t3_naa7vk,4.4
t3_nadfyt,3.3333333333333335
t3_nadi9h,4.0
t3_naf3re,3.0
t3_nafdw3,3.3333333333333335
t3_nagohk,3.4
t3_nah51c,4.8
t3_nahjdx,4.2
t3_nansrz,4.5
t3_nao2ld,4.0
t3_nap4tj,4.8
t3_napzsx,3.8333333333333335
t3_naqnwf,4.2
t3_naqw8s,3.5
t3_naslg3,4.0
t3_natgnk,3.3333333333333335
t3_navbi2,4.75
t3_navct2,5.0
t3_navypm,4.6
t3_nawr6f,4.4
t3_naxdwa,4.0
t3_naxey2,4.4
t3_nay3ib,3.6
t3_naztkz,4.8
t3_nb0tab,3.8
t3_nb3q03,3.5
t3_nb532r,3.0
t3_nb5n7w,4.5
t3_nb683t,5.0
t3_nb6qt3,5.0
t3_nb76eq,3.8
t3_nb7xob,4.5
t3_nb93ff,4.8
t3_nbaexa,3.8333333333333335
t3_nbbc8c,4.5
t3_nbcilr,4.0
t3_nbecma,4.2
t3_nbha4w,4.75
t3_nbi53d,4.75
t3_nbiu8v,4.0
t3_nbj9mg,4.8
t3_nbluv5,4.0
t3_nbmb22,3.0
t3_nbmnyq,5.0
t3_nbn3dc,5.0
t3_nbnlf6,4.333333333333333
t3_nbpx4r,4.6
t3_nbrrab,4.2
t3_nbso6c,4.0
t3_nbtgyb,3.6
t3_nbvaa0,3.5
t3_nbvq4i,3.6666666666666665
t3_nbw9s9,5.0
t3_nbxcyz,3.8
t3_nby5bt,4.2
t3_nc38hb,4.8
t3_nc3b9a,4.5
t3_nc5cs9,3.6
t3_nc5suf,3.0
t3_nc7g7s,4.0
t3_nc9dpe,3.4
t3_nca52k,4.166666666666667
t3_ncbe3m,3.8
t3_ncdewp,4.0
t3_ncen0b,4.2
t3_ncf03o,4.25
t3_nchm8s,4.0
t3_nckh9z,4.4
t3_nckhk5,4.2
t3_nckypf,4.0
t3_nclu94,3.4
t3_ncmfpt,4.2
t3_ncnb97,4.2
t3_ncnexd,3.3333333333333335
t3_ncokm4,3.6666666666666665
t3_ncppq2,4.0
t3_ncpzqn,3.0
t3_ncrn65,4.0
t3_ncrtgr,4.0
t3_ncryey,3.8
t3_ncsqf3,4.5
t3_ncth4a,3.8
t3_nctt1a,4.0
t3_ncvq65,3.5
t3_ncwj1e,3.8
t3_ncxw8v,4.25
t3_nd00eq,3.0
t3_nd0h1a,3.0
t3_nd0lmk,4.0
t3_nd17ww,3.3333333333333335
t3_nd23oj,4.0
t3_nd4zf2,4.0
t3_nd5yby,3.6
t3_nd6svy,3.8333333333333335
t3_nd74q9,4.0
t3_nd7s20,4.0
t3_nd91pj,4.666666666666667
t3_nd9iap,4.4
t3_nda1v6,4.2
t3_nda1wk,3.8333333333333335
t3_ndaahh,4.333333333333333
t3_ndan5k,3.2
t3_ndbe41,3.0
t3_ndbjoa,3.0
t3_ndcg3u,3.6666666666666665
t3_nddwa7,3.8
t3_ndg2sd,4.0
t3_ndh6ox,4.4
t3_ndi5t5,3.25
t3_ndij98,4.2
t3_ndjnop,4.5
t3_ndjs2y,3.4
t3_ndkg9p,4.166666666666667
t3_ndm7o8,3.5
t3_ndn9sn,4.25
t3_ndnk9a,3.75
t3_ndo41q,4.2
t3_ndpbfl,3.8333333333333335
t3_ndqfnf,4.0
t3_ndr6ab,4.0
t3_ndshv8,4.25
t3_ndsuol,4.2
t3_ndt6x9,4.6
t3_ndtdu9,3.6666666666666665
t3_nduplf,4.8
t3_ndynd5,3.0
t3_ne05vg,3.75
t3_ne0a73,4.4
t3_ne0jij,3.25
t3_ne0xoy,3.5
t3_ne17ct,4.2
t3_ne2qlz,3.25
t3_ne4p7y,3.5
t3_ne5bo2,3.75
t3_ne5qt8,4.0
t3_ne76cp,3.75
t3_ne9mto,3.2
t3_ne9u3b,4.0
t3_nebdbm,4.0
t3_necfsq,4.333333333333333
t3_ned33m,4.5
t3_neeohb,3.6666666666666665
t3_nefx9y,3.4
t3_negich,5.0
t3_nei53j,4.0
t3_neile1,3.5
t3_neiy2s,3.0
t3_nejadh,3.8
t3_nem05z,3.1666666666666665
t3_nem1r7,3.6
t3_nen5as,4.166666666666667
t3_nen97h,3.4
t3_neo2vr,3.3333333333333335
t3_nespjd,3.25
t3_nesr78,4.0
t3_ness8i,3.6
t3_netiw5,3.4
t3_netmoo,4.4
t3_nev02u,5.0
t3_nevr5p,3.5
t3_newfsg,4.8
t3_newmgt,4.0
t3_newtad,4.2
t3_nexgjq,4.0
t3_ney2fg,3.4
t3_nf04dr,3.4
t3_nf0gc6,3.0
t3_nf1dss,3.6
t3_nf1v00,4.25
t3_nf2de8,4.0
t3_nf38ug,4.0
t3_nf3a7q,4.0
t3_nf6wfh,3.8
t3_nf73qg,4.0
t3_nf7hzu,3.4
t3_nf7oro,4.0
t3_nf93i7,4.5
t3_nfabcx,4.166666666666667
t3_nfacjk,3.6
t3_nfajw5,3.3333333333333335
t3_nfcb4k,4.4
t3_nfciz6,4.75
t3_nfe8xl,4.25
t3_nfewgv,3.8
t3_nffta9,4.2
t3_nfh1k7,3.2
t3_nfk67r,4.25
t3_nfkplj,5.0
t3_nflcy9,4.25
t3_nfnb0l,5.0
t3_nfpgct,3.1666666666666665
t3_nfpn4r,3.6666666666666665
t3_nfqr9m,4.333333333333333
t3_nfs14o,3.3333333333333335
t3_nfti6t,3.1666666666666665
t3_nfwgyz,4.4
t3_nfxlop,4.5
t3_nfxsot,3.3333333333333335
t3_nfxzs0,4.0
t3_ng06ny,3.8
t3_ng1did,4.333333333333333
t3_ng34wq,4.2
t3_ng4ykv,3.4
t3_ng4yog,3.4
t3_ng7hnw,3.0
t3_ng7qtl,4.333333333333333
t3_ng8gjb,4.0
t3_ng91kz,4.25
t3_ng9z1c,4.2
t3_nga8ih,4.0
t3_ngccat,4.0
t3_ngddy7,3.25
t3_ngeqik,3.75
t3_ngeyjh,3.0
t3_nggion,3.0
t3_nghart,4.5
t3_nghv16,4.4
t3_ngl7p8,4.2
t3_nglct8,3.2
t3_ngljbj,4.2
t3_ngmewh,4.2
t3_ngmore,5.0
t3_ngmqa7,4.2
t3_ngnkoo,4.75
t3_ngnq2j,4.2
t3_ngopuy,4.8
t3_ngpod1,3.8
t3_ngr5w8,3.5
t3_ngs3dw,3.0
t3_ngsl14,3.4
t3_ngtrdk,3.8
t3_nguj7x,4.4
t3_ngutbn,3.8
t3_ngwchk,3.8
t3_ngwspj,3.25
t3_ngx5wu,4.0
t3_ngxdse,4.0
t3_ngxnu8,4.4
t3_ngyrxk,3.8
t3_ngysh5,5.0
t3_ngz31c,3.75
t3_ngz4yy,4.0
t3_nh0wyx,3.75
t3_nh0zcd,4.2
t3_nh103c,4.0
t3_nh1dyp,4.2
t3_nh1m3q,5.0
t3_nh2b2s,4.0
t3_nh2jdd,4.333333333333333
t3_nh323o,3.0
t3_nh6cpb,4.6
t3_nh7n9x,4.4
t3_nh87ij,3.2
t3_nh9i4r,4.2
t3_nha2ac,4.166666666666667
t3_nhanfm,4.166666666666667
t3_nhau1c,4.2
t3_nhcjn5,3.8
t3_nhg3gb,4.6
t3_nhgmdn,4.0
t3_nhi6fi,3.2
t3_nhjuyl,3.75
t3_nhkswx,4.0
t3_nhlpk5,3.5
t3_nhng05,3.6
t3_nho4oj,3.25
t3_nht5qy,3.5
t3_nhtn2n,3.5
t3_nhu70k,4.2
t3_nhyivh,4.0
t3_nhzgil,4.0
t3_ni6qhg,3.8
t3_niafhy,4.8
t3_niatt7,4.0
t3_nidd3u,4.0
t3_nideaz,3.0
t3_nijgy1,3.8
t3_nik0ui,4.2
t3_nikagl,4.6
t3_nikvw7,4.0
t3_nimvsz,4.5
t3_nin842,4.333333333333333
t3_niqd33,3.6666666666666665
t3_nirf1p,4.8
t3_nishgk,4.0
t3_nisy3a,3.8
t3_nit300,3.8
t3_nit6m4,3.6
t3_niu6y1,3.8
t3_niumoe,3.6
t3_niuocb,3.8
t3_nixdx3,3.0
t3_nixjx9,3.8
t3_niytey,3.8
t3_nizfjw,4.0
t3_nj0rvh,5.0
t3_nj73do,4.0
t3_nj77xj,3.2
t3_njaakw,3.75
t3_njabwh,3.75
t3_njceew,4.2
t3_njceps,4.2
t3_njeic5,3.5
t3_njeokd,4.0
t3_njfnte,5.0
t3_njgt1s,4.0
t3_njh2dk,4.25
t3_njhjaa,4.75
t3_njhjiw,4.6
t3_njjzb1,4.0
t3_njkc73,3.75
t3_njm6wq,4.75
t3_njmptl,4.0
t3_njo4rv,4.25
t3_njorxz,3.6666666666666665
t3_njpjwx,5.0
t3_njpppm,4.666666666666667
t3_njrnxe,4.0
t3_njs013,4.2
t3_njszab,3.3333333333333335
t3_njvjws,5.0
t3_njwq1t,3.6
t3_njxaje,3.4
t3_njxpao,4.4
t3_njxqkc,4.2
t3_njyhbz,4.333333333333333
t3_njyuw9,4.0
t3_njznij,4.833333333333333
t3_njzpfb,5.0
t3_nk0ijz,4.0
t3_nk0ka0,4.166666666666667
t3_nk1pxf,4.6
t3_nk1quu,3.6
t3_nk26ga,3.8333333333333335
t3_nk31ds,4.4
t3_nk4p3g,3.6
t3_nk52fj,5.0
t3_nk557a,4.25
t3_nk5uk9,3.8
t3_nk6q6c,3.4
t3_nka41x,4.2
t3_nkcczr,3.8
t3_nkfqg2,4.75
t3_nkfttw,3.8
t3_nkjl4y,4.0
t3_nkkb74,4.25
t3_nkkmw8,4.4
t3_nkl3x9,4.2
t3_nklcnp,4.666666666666667
t3_nkn6x8,3.6
t3_nknrmh,3.3333333333333335
t3_nkof8b,3.2
t3_nkokgu,4.0
t3_nkpwfy,3.6
t3_nkqop0,3.5
t3_nktyy5,4.2
t3_nkv4pg,4.6
t3_nkv76g,4.4
t3_nkyly5,3.6
t3_nl098l,3.6
t3_nl0sc6,3.3333333333333335
t3_nl0uva,4.666666666666667
t3_nl21u3,3.0
t3_nl2tk2,3.3333333333333335
t3_nl3hph,4.0
t3_nl440h,4.166666666666667
t3_nl53tl,3.6666666666666665
t3_nl54bg,3.6
t3_nl6b4h,3.6
t3_nl874c,4.25
t3_nla11f,4.0
t3_nlbyat,4.2
t3_nlg8uz,3.8
t3_nli9qd,3.0
t3_nlis4q,4.0
t3_nljel9,4.0
t3_nll367,4.5
t3_nlnfwa,3.8333333333333335
t3_nlo8rw,4.75
t3_nloo49,4.25
t3_nlp25i,4.166666666666667
t3_nlprrb,4.8
t3_nlrb7l,4.0
t3_nlru4f,4.5
t3_nltpdo,3.8
t3_nlumxt,4.6
t3_nlvun5,3.8333333333333335
t3_nlvy0t,3.6666666666666665
t3_nlwhim,4.2
t3_nlwmcd,4.833333333333333
t3_nlzde1,4.4
t3_nlzkio,3.75
t3_nlzpsl,4.4
t3_nlzrl6,3.4
t3_nm1fw7,4.75
t3_nm1jia,4.0
t3_nm1tem,4.75
t3_nm4b4e,4.0
t3_nm4glg,5.0
t3_nm5vdi,4.0
t3_nm8byp,3.6666666666666665
t3_nm8vd5,3.6666666666666665
t3_nm9c7b,4.166666666666667
t3_nmaff6,3.0
t3_nmekcc,4.25
t3_nmemf8,3.75
t3_nmfb1x,4.333333333333333
t3_nmh548,4.8
t3_nmhxis,4.333333333333333
t3_nmj13o,4.4
t3_nmj4mx,4.2
t3_nml0td,3.8
t3_nmmdxk,4.8
t3_nmnnpe,4.333333333333333
t3_nmp1tp,4.0
t3_nmpvtx,3.4
t3_nmq2va,3.25
t3_nmriwm,3.4
t3_nmsegf,4.0
t3_nmt7h5,3.6
t3_nmtmlh,4.5
t3_nmurfi,4.333333333333333
t3_nmwlmf,4.2
t3_nmy838,4.25
t3_nmyvjv,5.0
t3_nmzmh2,3.5
t3_nn0647,4.2
t3_nn2clt,4.0
t3_nn48za,4.666666666666667
t3_nn4ft5,3.6666666666666665
t3_nn502z,3.4
t3_nn5g4y,3.6666666666666665
t3_nn5tz8,3.4
t3_nn65wu,3.5
t3_nn6jqz,3.2
t3_nn95zg,5.0
t3_nn9b2z,4.0
t3_nn9d4a,4.4
t3_nnb7n7,4.8
t3_nnbf88,4.75
t3_nnchb2,4.2
t3_nndrt9,4.75
t3_nne521,4.0
t3_nneck9,4.333333333333333
t3_nnf2s5,3.5
t3_nnietv,3.4
t3_nnioh8,4.0
t3_nniqyd,3.3333333333333335
t3_nnitt6,3.8
t3_nnksv8,4.6
t3_nnl2ex,3.8
t3_nnmmvz,4.0
t3_nnr1o7,4.0
t3_nnrwyj,3.8333333333333335
t3_nnumxr,4.2
t3_nnuo18,4.2
t3_nnvoc8,3.2
t3_nnwn3e,3.6
t3_nnwzwc,3.6666666666666665
t3_nnxqfd,3.5
t3_nny8dp,3.0
t3_nnyp1m,4.2
t3_nnz7nm,4.0
t3_no0dr0,3.6
t3_no0siy,3.8
t3_no1htn,3.1666666666666665
t3_no1xdc,3.6666666666666665
t3_no1xrz,4.0
t3_no3lb3,4.8
t3_no3tct,3.0
t3_no4wlb,3.2
t3_no52k0,4.4
t3_no7x4f,4.25
t3_no84tc,3.6
t3_no94wz,5.0
t3_nob38t,3.1666666666666665
t3_nockdv,3.5
t3_nocmdz,3.0
t3_nod25r,3.5
t3_nodx30,4.0
t3_noez6h,4.8
t3_nogj6d,4.5
t3_noh6z4,3.75
t3_nohlmn,3.75
t3_nojmhe,3.75
t3_nok7hj,4.0
t3_nokkns,3.8
t3_nomiiu,4.333333333333333
t3_nonues,4.5
t3_noo96b,3.0
t3_nop3h9,3.3333333333333335
t3_nopam3,3.4
t3_nopdol,4.2
t3_noqce0,3.1666666666666665
t3_nordlf,4.2
t3_noset4,4.75
t3_nosjwx,3.0
t3_novfcd,3.3333333333333335
t3_novkso,4.333333333333333
t3_noxslz,4.2
t3_noxvlu,4.2
t3_noxy3p,4.333333333333333
t3_noyy6e,4.2
t3_nozqov,3.8333333333333335
t3_nozrho,3.0
t3_np23bb,3.6666666666666665
t3_np36cn,3.6666666666666665
t3_np41ys,4.5
t3_np4hys,4.0
t3_np4u94,4.0
t3_np97uv,3.25
t3_npa99i,4.4
t3_npawfl,3.6
t3_npcd6d,4.0
t3_npetek,4.2
t3_npf75y,3.8
t3_npfan5,4.0
t3_npg62d,3.6
